ENCODED_URL,BAD_SRC_COUNT
https://nitafc.com/cdn/shop/files/Nita_frame-64_2.jpg?v=1765291580&width=1445,1
https://nitafc.com/cdn/shop/files/Nita_frame-64.jpg?v=1765291442&width=1445,1
https://nitafc.com/cdn/shop/files/Futcon_1.png?v=1764845009&width=1445,1
https://nitafc.com/cdn/shop/files/FUT_12.png?v=1764845224&width=1445,1
https://nitafc.com/cdn/shop/files/CAMISETA-NEGRA-FRENTE.png?v=1765291674&width=1445,6
https://nitafc.com/cdn/shop/files/Front-lookbook.jpg?v=1765291674&width=1445,9
https://nitafc.com/cdn/shop/files/Bolso_negro_prueba.png?v=1765293089&width=1445,6
https://nitafc.com/cdn/shop/files/BOLSO_PRUEBA.jpg?v=1765293158&width=1445,5
https://nitafc.com/cdn/shop/files/BOLSO_VERDE.png?v=1765290470&width=1445,6
https://nitafc.com/cdn/shop/files/Bolso-lookbook.jpg?v=1765290470&width=1445,5
https://nitafc.com/cdn/shop/files/Camiseta_violeta_frente_4d4be499-903d-485a-9153-37f0efb51ff0.png?v=1765228614&width=1445,6
https://nitafc.com/cdn/shop/files/LIFESTLYE_VIOLETA_PRUEBA.jpg?v=1765293054&width=1445,5
https://nitafc.com/cdn/shop/files/Camiseta_violeta_cn_4c5e8609-7b42-429a-83b7-246da618936d.png?v=1765228209&width=1445,6
https://nitafc.com/cdn/shop/files/BACK_VIOLETA_CN.jpg?v=1765293621&width=1445,5
https://nitafc.com/cdn/shop/files/Camiseta_negra_c_n_02607c24-de66-4dfd-a309-1f621c627945.png?v=1765290647&width=1445,6
https://nitafc.com/cdn/shop/files/Back-lookbook_c_n.jpg?v=1765290647&width=1445,5
https://nitafc.com/cdn/shop/files/Camiseta_negra_frente_a8cc8375-cfd7-4f4f-aab9-e540f877aa1b.png?v=1765290527&width=1445,4
https://nitafc.com/cdn/shop/files/Camiseta_violeta_sn.png?v=1765293054&width=1445,4
https://nitafc.com/cdn/shop/files/ESPALDA_CAMISETA_S_N_a357c652-fd79-4efb-b0ef-b1a776dc15f7.png?v=1765291674&width=1445,4
https://nitafc.com/cdn/shop/files/WhatsApp_Image_2025-12-03_at_18.49.48.jpg?v=1765291674&width=1445,4
https://nitafc.com/cdn/shop/files/Camiseta_violeta_frente_5eead21f-1377-4ef6-bd8c-64b65afb07e9.png?v=1765293621&width=1445,4
https://nitafc.com/cdn/shop/files/Lookbook_front.jpg?v=1765293621&width=1445,4
https://nitafc.com/cdn/shop/files/BACK_VIOLETA_CN_badd9087-ca09-4c38-892c-06b7fb3e3844.jpg?v=1765293621&width=1445,4
